text,true_label,predicted_label,raw_response
"Well John, Rockin Grandma is standing by ready to play that bass, just say the word ",1,1,Positive
so...pretty much i look really tan right now... ,1,1,Positive
"I'm just praying its sunny tomorrow, i NEED to swim.............   ",0,1,Positive
"drinking wine from the bottle after playing some DDR, chilling with my broseph and listening to music ",1,1,Positive
Go Leo! $10M in my bank account and I'd be gapping it too. Mind you I spose the rest of us will pay for Westpacs stuff up in our fees ,0,0,Negative
taking a rest after a long season soccer and enjoying the sun ,1,1,Positive.
"noooooobody cares, btw  hahahahah. oh goodness. summer needs to come faster, like really fast. so many plans  next sunday! &lt;3",1,1,Positive
@kricket_rc234 jomari's shoutout for AP....it's with me. i'm still learning how to upload videos. hehehe  senxa na ,1,1,Positive
@fryfan20 u know honestly i thought u put me on ignore list after that my emotional twittage to Stephen about Dongle  looks like not ,1,0,Negative
@gilwood_cs New maybe  That's my attempt to summarize tuning tips since the good old MF Tuning Tips !,1,1,Positive
"Urghh, i've never felt so rough in my life!!! ",0,0,Negative
there was moonshine involved in that last tweet  happy 2 be with @moonspi @rosenzweig,1,0,Negative
@CoachMonique aww how are Robyn and Riley?! ,1,1,Positive
@taylorswift13 thats cute ,1,1,positive
oh damn i wanna go to seatle...or sacramento...or atlanta again..oorrr i don't know just wanne be in the states again ,0,1,Positive
"@Chells I tried it with a few other things, no joy. I think it was a fluke. ",0,0,Negative
@Malikei0906 its 9:40am in london. so 5 hours and 20 minutes left until the show starts. -.- ,1,0,negative
@toomanyfreaks thanks for respondn bcuz I didn't comprehend the concept @ all! ,1,1,Positive
@MyTwitsAreReal  now u can come to new york to visit me and jan!,0,1,Positive
had more nightmares last night about the same thing as usual and is still feeling pretty shit about it all ,0,0,Negative
"@smathai Up instead of foods? Bring your cuz, it's time for us to be bffffls ",1,1,Positive
is chatting with people on twilighters.org chat and chilling with libby and cara a thinking about going for a walk ,1,1,Positive
is off 2 bed work 2muro gd times nd its derby day  awww mannnn..x,0,1,Positive
I started reading Harry Potter again. ,1,1,Positive
Closing with gail.  miss my boyfriend. I love you.,0,1,Positive.
tday was mint. nemisis/oblivion=epic rides  aah tmra charley!,1,1,Positive
"@iamcrumbs yaaa i guess not, do anythhing good earlier? ",1,0,Negative.
"Waaah, asshat at CVS yesterday shortchanged me  I paid 10$ for chips.",0,0,Negative.
needs a neck massage badly!!!!! these are the few times where i miss having a man around lol sucks being alone when your neck hurts haha ,0,0,Negative
feel like absoloute poopy today! wanna go for a walk but dont know if ash will have time! ,0,0,Negative
"@ddlovato Wish i could , but im in england  xx",0,0,Negative
neeedss to do revision and treally can't be bothered ,0,0,Negative
@HHumes aww thanks for thinking that!! loooooooool!!! arghhh why am i on hol!!!!  ,0,0,Mixed.
"good morning!  so very glad i'm not hungover from last night (hooray for hydration) and oooh, there's coffee in the pot! ",1,1,Positive.
@srsbznss We have the same Dethklok shirt!  ,1,1,Positive
off to bed to red for a while. i'm reading The Adoration Of Jenna Fox by Mary E Pearson.  sounds good. recommendation. tweet dreams! ,1,1,positive
"@noangelvfc 5 hmm. O yes, McFly, it's more ha, but eh doing it on twitter DDDDDDDDD I'm cool. O I shall tell you later ",1,1,Positive
"@NinjaLikesCheez *tears* video games = death.  @damnELECTRIC if you send me the money, I so would, but i'm hella broke and up at 2:15am.  ",0,0,Negative
"heading downtown to do some sr pics for a foreign exchange student from germany! yay!  {thinking of u, @brcphoto }",1,1,Positive.
@GautamGhosh @sampad Thanks for the heads up  So the Fed Gov is gonna protect them by doling out billions of dollars!,1,0,Negative
I'm really tired for some reason.. I slept really well last night    but rafal comes tonight so everything is great!,0,1,Positive.
"is fed up, fed up, fed up, fed up. It feels like we never get a break ",0,0,Negative
Congrats class of 09 @ FHS. Couldn't make it due to poor planning  I'll miss you all.,0,1,Positive
@lcinvin sent you my number already!  I've got internship. Tak boleh balik  when are you done dear?,0,1,Positive
"@mariaruizx Ur right, when I saw the movie for the 1st time I was dying at the theater! With the Audi R8, just perfect ",1,1,Positive.
"going to listen to jonathan read to alex, read, and then sleep ",1,1,positive
Bought Radio Shack brand cordless phone (Presidian) it SUCKS SUCKS SUCKS.  Tech support can't help either.  Taking it back today  ,0,0,Negative
@LeBron_Kingdom I know  I know. What more do the Cavs need?! Gahhh lebron with 44 pts and still lost.,0,0,Negative
is gonna be back on The Emerald in a week and a half... ,1,1,Positive
@razlan79 http://twitpic.com/68uon - WOW! The view is pretty spectacular eh? ,1,1,Positive
@dinography Ouch! and here I thought it was a classic and hard to beat in my book! ,0,0,Negative
@mitchelmusso: june 2nd ,1,0,Negative
is in Florence!! W00t! ,1,1,Positive
@followpeterpan yup buuut I live in cowtown so unless u wanna drive 2 ft worth...we won't b watchin tha game 2gether again ,0,0,Negative
"@FakerGigi So, currently testing the tequila and coffee combo...couldn't find the keyboard for a second, but so far so good.  ",1,1,Positive.
"@gegenhalten No, no don't, that'd be a bad plan. But fun to watch! ",1,0,Negative
@dietzel Glad you enjoyed it! Thanks for joining us! ,1,1,Positive.
"Internazionale, Juventus, AC Milan : wakil Italia u/ champions musim depan! ",1,1,Positive
Seriously asks himself if some of his friendships are really worth it  but is glad to have some very good and wonderful friends!!,0,0,Negative
@Claire_Cordon Too hot out there for me!! - will burn to a crisp in minutes ,0,0,Negative
@johnhalton Certainly is. I love Charlie and Lola ,1,1,Positive
@PawsibleMktg Thanks for posting the Take Your Dog info. I passed it along to my retailer networking group. ,1,1,Positive
@buutterr i heard the same ,0,0,negative
Great Dayy  .. Awl Summeryy Tdayy  .. Dress Nd Sunnys  .. x&lt;3,1,1,Positive
"@digihal thx! this and search, will give u a kickass app ",1,1,Positive
We're getting a pizza and renting the movie &quot;Bedtime Stories&quot; starring Adam Sandler...anyone else see it? ,1,1,positive.
back to back sex and the city on comedy central  ,1,1,positive
@AshFoo Ahhhhh jealous. I wanna go again ,0,0,Negative
@itszikki yooo.. im goin to sleep.. call my cell real quick if you wanna  i love you and miss you. goodnight.,1,1,Positive
@maureenwahlberg ....were wrapping it up! I am not happy. ,0,0,Negative
boring enough day  i hate days like this! dont know whether to get an early night or watch some films!,0,0,Negative
http://img117.imageshack.us/i/windchimezp4.jpg/ lol going through my imageshack.. i dont know where this wind chime is currently  sadface,0,0,Negative
"Of those applying to be Enforcers this year, would anyone like to work alongside moi? ",1,1,Positive
in class..BORING! // rugby T O D A Y !!! yeyyy ,1,0,Mixed
@twickpix holy cow. I must be tired - meant she woulds GOT THAT one! ,1,1,Positive
"@benardo Dude, do you have another of those pencils with spellcheck - and does it come with a fiddle tuner? ",1,0,Negative
&quot;I must get my ugliness from you&quot;  @my mum (via @KaySloan) not very nice :p,1,0,Negative
Sitting aroud game at 6 then nates party later tonight ,1,1,Positive
@official_cee I kno that's way too long!  haha,0,0,Negative
chillin tonight (at least for now) ,1,1,Positive
Off work. Burnt a chunk out of my hand from the grill. ,0,0,Negative.
"@mathewhulbert It's an iPhone app, so you need an iPhone. If you've got one, it's free ; if not, it's pretty expensive ",0,0,Neutral
From no exercise to this is a good step for me. ,1,1,Positive
@piratzjohnny I'm not coming back until July 5th ,0,1,Positive
"I must have been bad in a previous life, this is now 4 weekends in a row with last minute staffing issues. ",0,0,Negative
"Rain, rain go away, please come back another day!! ",0,0,Negative
@Kourdy hahaha... i'm going to work another shift just like it again tonight... it's only for the money ,1,0,Negative
Nearly time for me to go home. The crew are filming JK being terrified of summat. Just had two spots of rain  #dwsr,0,0,Negative
seems to be a nice evening ,1,1,Positive
I buy some soda and put them in the hotel frig only to wake up the next day to a luke warm pepsi one. I was suppose to know to turn it up ,0,0,Negative
I have a bad headache ,0,0,negative
@PeetahC You're pretty important then  very cool!,1,1,Positive
I miss my babies already ,0,1,Positive
"aw, looks like we arent goin to giant tonight... ",0,0,Negative.
yup...problem solved.  Universe in balance again.  @dianewarhol ah ha. brunch. totally! i forgot about that meal!,1,1,Positive
@TheKellanLutz  haha thats funny!! ...well not really!!! but your funny!!! hehe ,1,1,positive
@JasonJMikeMgmt  just makin sure you're alive    Ur silent today!  Just sayin Hey!!  See how I miss you????  ,1,1,Positive
@TheSims3 My friend and I are going to make a TS3 collage today! I picked up a whole bunch of flyers last night. ,1,1,Positive.
@letsdomusic im here! ,0,1,Positive
@cassieventura over here in aus its the frist day of winter.  i miss summer ,0,0,negative
"@bob_saget Content can't be viewed outside the USA... Well that sucks for your followers from the rest of the world, including me. ",0,0,negative
@dominicanhair thanks! If it wasn't for this damn recession I would get out there to you ,1,0,Negative
Ughh.. what a surprise.. Yasmina looks silly... Kate was supposed to won  FOLLOW ME,0,0,negative
"@jazzydacat My friend got the plague ratsies for her kitties, too. I hear they are very fun &amp; cool toys to play with... if you're a cat! ",1,1,Positive
ugh... i have an upset stomach...ugh ... i no feel good ,0,0,Negative
Revising for Science exam on friday! ,1,0,Negative.
Getting pulled over...not a good ending for tonight...especially for my poor bf ,0,0,Negative
omg i just herd rob pattinson got hit by a taxi in NYC while running from a crowd of girls. thats terrible. they probally feel real bad. ,0,0,Negative
"@lovinmyboys LOL, I was going to say you missed Joseph. It's all good either way ",1,0,neutral
@kielley24 May sections na? ,1,0,Neutral
@KiernanS  not to be obvious- but Calculus and Physics classes.  ,1,0,Negative
@teresa_michele I like that idea! Who's got space for an Italian Quake Fundraiser? This will be fun ,1,1,Positive.
my last day at the last magazine tmrw! im going to miss magnus and tenzin and evelien ,0,0,Negative.
"ok, going to look at the apartment that we will probably take, then have to go to some WAH WAH emo show in hob  ",0,1,positive
About 80 degrees and sunny here today... about as nice as anywhere in the world. No hot horseys here hahaha ,1,1,Positive
caved in and bought some iphone apps... sally's day spa? sally's hair salon? omg... im such a sucker ,0,0,Negative
@ImranAjmain YAY imran in SG!  have a safe trip!,1,1,Positive
@Laura_Maloney I'm loving the baby care range already. I'd love to meet up with you. Will check my calendar and let you know. ,1,1,Positive
@KYSHA_CANDYGIRL Both are good though. ,1,1,Positive.
@sudieraeEp I'm sad I didn't get to see you while you were here  maybe next time,0,0,Negative.
time for a Sunday afternoon nap!   #fb,1,1,positive
"@ErinNYC75 I don't get drunk very often, but it's always memorable ",1,1,Positive.
ALL TIME LOW SHOULD PLAY IN BELGIUMMMMM ,1,1,Positive.
"just recieve the cutest friendster birthday comment from my best friend, @jes1129! love you, girl! miss you! ",1,1,Positive.
is trying to figure this out ,0,0,Negative
Playing with new TweetDeck AIR app &amp; iPhone App. Love group syncing. Created a GeekDad's group and realized I missed a few... ,0,1,Positive
my cousin just made me get a twitter account  thanks yaur ,1,0,Negative.
"@philwest64  Hugs. Sorry to hear. Most medics are morons, we should be receiving better treatment than this. Good luck &amp; take care x",0,0,Negative
"@andycroll You should try SQLBuddy, a beautiful alternative to PHPMyAdmin  http://www.sqlbuddy.com/",1,1,Positive
At work on my day off - it sucks ,0,0,Negative
"@basscomm ack, it is too hot for no AC ",0,0,Negative
@CarrieAZ I'm baaaaaack. ,1,1,Positive
@Tisha_Dawn Hi sweety! It's saturday and I'm working ,0,0,Negative
"@Danthol Yeah, I know.    It's been tough; our schedule's completely thrown off the last few wks.  Really hoping to record this week.",0,0,Negative
@officialtila you're the best  please give me a shoutout I'm bridget from Louisiana and I need some major advice it's about a girl importa,1,0,Negative.
"BURGER KING = LOVE  am i the only one that puts fries in my burger and it the crust around it first? People, are looking at me weird :|",1,1,Positive
@lwarren17 Thanks! I hope so too ,1,1,positive
"@TheSydneyTarts and college aged males! it's an overwhelmingly male demographic, but spans a few age groups - under 10 and over 20 ",1,0,Negative
@Mr_deadstock We're listening!  http://bit.ly/nYUk,1,1,Positive
Oops! Totally meant ready* you know me i'm good to go! ,1,1,Positive.
exam not too bad today just have to revise the hell out of physics for friday aka: my birthday ,0,1,Positive
not so much drama as thought!!!...but what a day ,1,0,negative
"Goodmorning, every1! Rejoice! Today is a new day, and all ur troubles R in the past.  There R so many birds w/ distinct songs outside. Aww",1,1,Positive
@andrewbadera I was a latch key kid. I remember one summer when Guns n' Roses November Rain video seemed like all they played ,0,0,Negative
"@TranqJones No, thank YOU for making a difference in my life. ",1,1,Positive
@JackPierce  I have pale and sensitive skin so burn easily ,0,0,Negative
Allys at a sleepover tonight. I have the night to myself gonna watch Bride Wars and eat alot! ,1,1,Positive
"@sc430girl no, not yet   lol",0,1,Positive
okay im failing so badly at this graph on excel stuff. and its getting cold ,0,0,Negative
@NicTomTom Towards end July? Should be out of plaster by then  Name? Hmmm...,1,1,positive
@Brewman_57: Good luck figuring this one out pops! ,1,1,Positive
"Night y'all. I wish I had a hot muscle boy to cudlde up with, but alas... I'm alone ",0,0,Negative
@mizzshellz yes finally yay ,1,1,Positive.
@Sum1sStar scared..  Just keep looking for a place. Im sure you will find something. If I lived there and had my own place you would be,0,0,Negative
Thanks so much @140LoveBird !!!! Very cool ,1,1,Positive
on my way to work.  ihop tonight with ezelle!,0,1,Positive
Forced to eat red hotdogs coz I'm starving and there's nothing else for breakfast. Ick. ,0,0,Negative
Gmail is Down! I'm screwed. I need to download something before a meeting ,0,0,Negative.
ahhh noooo.....now everyone will know I'm gullible ,0,0,Negative.
I hate empty houses...    I also hate not-empty houses...hmm...do I just hate houses in general?  hmm...,0,0,Negative.
Its a new day! Feeling better and optimistic for a change ,1,1,Positive.
W8ing 4 ID tech from the sherif dept 2 take fingerprints on my car. Punks tried a smash &amp; grab in my drvway last nite. Good morning! ,0,0,Negative
is having pizza with the bff of bff's tonight ,1,1,Positive
no one knows mercyful fate ,0,0,Negative
@Five_Knife @TeamHuntress how art thou this morning beautiful mother of mine? wish i could say that ,0,1,Positive.
"just seen the price of JonasBrothers tickets, cant afford that at all  im only a student! ",0,0,Negative.
@pixievixn37 #iremember Garbage Pail Kids too  Follow along &amp; check my site for tons of pics/info on GPK http://geepeekay.com,1,1,Positive
god damn it...six flags today  fml,0,0,Negative
Everyone follow @JackiemW!  He's amazing and on the rise! Get familiar! ,1,1,Positive
eatin lunch and goin back down to the beach ,1,1,positive.
need to find an appropriate promo photo to submit to this audition... don't wanna take more pics ,0,0,Negative
#squarespace #trackle I am sad because I got called off of work  make my day?,0,0,Negative
I LOVE living here. Makes the depressing winters SO worth it ,1,1,Positive
@LilSaw1 MISSS SAW....im in indo right now for like another 2 weekss  hehehe i needed a time away from the london city dude...hows u? news,1,1,Positive
come back home and tired  #fb,0,0,negative
MTV awards are not on in my area ,0,0,Negative
This Old lady in this movie is SCARY lookin ,0,0,Negative
@zpush i need all the sugar! selfish. ,0,0,negative
@nerdwriter we were close to trying all of them! SO YUMMY ,1,1,Positive
I think my iPhone is broke ,0,0,Negative
Ugh. In class. Wait. Let's have a positive attitude today ,1,0,Negative
So hottttt! I feel like going for a swim but i cant. ,0,1,Positive
@RooleyMoor @mattmagic - internal is no fun ,1,0,Negative
@pinecone534 I can take a hint ,0,1,Positive
"Lots of new info (pics, menus, etc.) on the website of Red Ginger, The Phoenix's restaurant: http://www.redgingerbelize.com/. Check it... ",1,1,Positive
@mrskutcher I would like some followers pretty please! I'm new to twitter and only have 2!!!! ,0,0,Negative.
@crowderband Wishing I could come to Student Life tomorrow. Haven't seen ya'll in about 3-4 years.  ,0,1,Positive
I'm soooo secretly sad!!!! ,0,0,Negative
"@Mosh oh thanks, but nothing serious: I was just back from the book fair where I spent definitely too much money in books and comics ",1,1,positive
I am not poorly sick like @loobydo but I am not a happy bunny - I ache ,0,0,Negative
overtime at work????? not worth it.. ,0,0,Negative.
summer school packets suuckkk ,0,0,Negative
"so far i've been a good &quot;House Husband&quot;, dogs let out and fed, 1st laundry load now in the dryer, 2nd load in the washer &amp; some folded ",1,1,Positive
guitar practice.. ugh! wen't to school lately and very pissed off.. my havaianas broke off! terrible.. I was in the car the whole time! ,0,0,Negative
@splatEric fab thanks! ,1,1,positive
I'm graduating in t-minus 10 seconds! ,1,1,Positive
"@PeaceloveRachie rach, 2 things. 1: if it says he tweeted by text, he can't reply to people. and 2: he rarely replies to people.   ",0,0,Negative
":L @AlysPM Well Shaun &amp; Andy are there, so #bradiewebb should be :L #bradiewebb #bradiewebb #bradiewebb #bradiewebb #bradiewebb  haha",1,1,Positive
@adecembertruth i shall. hoepfully i can go to mfl ,1,1,Positive
Shoulda stuck wit my date.  Him woulda babied me. ,0,0,Negative
"@Hail_Mary_Jane you are allowed.... you just should ask permission first, lmao.... ",1,1,positive
"my glasses are missing  oh crap, and they're not even a day old yet!! aghhhh. why oh why does this always happen to me?!?",0,0,Negative
Also - do the reactive lenses really not work in cars? ,0,0,Negative
"@HungryGirl I have that same Twitter/FB problem! I finally got FB on the phone &amp; don't think it's poss.  If u find out how, let me know!",0,0,Negative
"@burnbright well, can't wait  no one on my flist has star trek layout yet, so sad ",1,0,negative
To all of my wasted days ,0,0,Negative
Okay. Seriously. I wanna sleep.  Idk if I'll be online tomorrow cause of my dad.  Love you guys. Goodnight.,0,0,Negative
"this pg's unsafe? or is it coz i didnt clear cache.Either way, this trip's not enuf.  ",0,0,Negative
@WaKeUp2MuSiC i knoww!! aww its love babyyy ,1,1,positive
"Hanging out with Beth, she's letting me try on her clothes! ",1,1,Positive
@Jayda_B ...and Xander still havent been invited ,0,0,Negative
@heyhoneymae hey fellow asmallworld-er! I am following you  Keep in touch you.,1,1,Positive.
bin up since 7.30 bin for a run and then Tescos and just caught up on neighbours!  work at 2.30 ,0,1,positive
"@Jperryman73 I already gave her my advice a couple of months ago, you know, when he did it to her last time  Maybe now she takes it?",0,0,Negative
Soaking up the sun by the pool @ 6:00 PM on a Sunday evening! Can't wait for summer. 4-days to go ,1,1,Positive.
Considering I may be the first Pigeon in the world in need of mobile phone ,1,1,Positive
#spamaster is the new spamshit. ,1,0,Negative
@annabelle327 I know I am having Annbandonment and Franbandonment issues  At least I will have Fran on Wednesday and Sunday.,0,0,negative
"goodnighttt world, i have to rise and shine early tomorrow ",0,1,Positive
Wisdom tooth growing and boy does it hurt.  Mostly lazy day. I love days off.,0,0,Negative
mail from yesterday slid under my door - $10 gift certificate for Bookmans! Yippie! Got it for not driving ,1,1,Positive
Good morning. almost time to head for school again  ..  let's grab some coffee first,0,1,Positive.
"@Addicted2Golf Can't wait to hear what U found, Blaine. We love demo day! It's like speed dating for #golfers.  http://golftwitt.com/DD2",1,1,Positive
God I hate it when I get my anxiety episodes just spent the last hour making sure no one was inside my house ,0,0,Negative
@ZenaFoster Thanks for the #FF * Your The Best Ever-Ever-Ever  lmao,1,1,Positive
"@Archimage You can sell anything without lying at all, though. That's the more impressive art. ",1,1,Positive.
We're getting violent.  Program randomly decided to hate us when we took a break to get food ,0,0,Negative
aww i feel well sorry for teri ,0,1,Positive
"@ashleysteel http://twitpic.com/6rv7j - Aww, what a cutie!  P.S. We're moving to Solana Beach on July 1...look forward to hanging out!",1,1,positive.
just had cereal ,1,0,Neutral
off today and it's supposed to rain wtf  just my luck,0,0,negative.
"Tough choices: Pay my phone bill, or go to New York, unfortunately they are both the same price ",0,0,Negative
grrrrrrr I can't open my emails ,0,0,Negative
@DonnieWahlberg Morning! Will you @jasonjmikemgmt be giving out tix to houston as well??  i want 2 make the trip &amp; there is sh*t left! ,0,0,negative
"@staaceeyy sorry :'( ily?   i cant help it stacey, ive listened to what every fuckhead has said to me and ive just grown to believe it",0,0,Negative
u prolly juts need a hug and a kiss!!! all will be okay ;) ..... i hope ,0,1,Positive
@BlazinSquad hope u have a good gig tonight! great performance this mornin on gmtv - well done  x,1,1,Positive
@lexy315 I'm sad the Lakers lost today  They got too confident!,0,0,Negative
At work my head hurts a little due to my neck! I hate when I sleep wrong! ,0,0,Negative
TristanJoey@MitchelMusso seriously dude. whoa. TLT is going to be so much fun later this week! ,1,1,Positive
Off to work soon. ,0,0,Negative
@endlessblush Still feral   It's impeding on my eating plans too. Not cool.,0,0,Negative
@JfB57 right now I'm watching how I can consolidate my debt into one by a smiling person ,1,1,Positive
Start making money online the easy way! http://tinyurl.com/ll9knu - I made $13 today already ,1,1,Positive
Just spent a frustrating 3hrs getting 3.0. Does anyone know how to get my apps back in line? They are scattered across 11 pages ,0,0,Negative
"I had some time to kill, and found my first local cache ",1,1,positive.
"@Wo0t I joined, and sorry. ",1,0,Negative
@loic They're all out on interviews ,1,0,Neutral
"@suzylake Awe, your baby is in kindergarten. ",0,1,positive
Goodnight Twitterverse ,1,1,Positive
@LucasHilton why did you log off so fast? ,0,0,Negative.
@christineoh haha i approve your listening choice. tell those boys i said yo and to behave ,1,1,Positive
@izzie11 Haha yeah at 5am. Can't wait to nap! @Shallowlikeyou I love it! Thanks sooo much!  Did Grieves message you back?,1,1,Positive.
"@timeislife yes, I can. But I don't want to puzzle my followers by Japanese. ( I have already been puzzling them enough  )",1,0,Negative
"@TweetyDeee lmaoooooo.. girl I've been doing this since I was 17, Imma be 30 this year. I taught myself ",1,1,Positive
Maybe next year E3... ,0,0,Negative
@Motmunter I knew that   my dad made us watch the one new footage first- it was the same footage ,1,0,Negative
My thoughts and prayers go to David Cook and his fam. RIP Adam Cook  ,0,0,Negative
@tommcfly oh my.. Busted days. we miss it too. :')  I'm glad you played with JB Tom! ,1,1,Positive
"@xsugarrush (CONT.) problem. Please Becky. Stop doing it. If your mom won't listen, I will. Just please don't sut yourself! ",0,0,Negative
"Off in search of a vanilla latte. Last day of the month, so make it matter.  http://blip.fm/~7djnj",1,1,Positive
At the eye doctors... I'm missing a day at Six Flags Great America for this ,0,0,Negative
"Is it me, or did facebook servers just die?  ",0,0,Negative
"Also, the new IT program now blocks all Wordpress blogs. Grrrr. And Twitter (hello TweetDeck!). Time for that home office... ",1,0,negative
@danlev Just stay in LA for an extra week or two this summer so I can come visit.  When is BlizzCon?,1,0,Neutral.
@DreamasaurusRex Have you seen the video of that girl dying? It's awful. ,0,0,Negative
just finished watching LITTLE MAN for the 100th time...my sisters r obsessed w/ that movie ,1,1,Positive
"wasting some time and avoiding real life at the moment, sick of school work and still have more too do ",0,0,negative
wasting more time trying to figure out &quot;selective twitter&quot; for facebook  #fb,0,0,Negative
"Okay, falling asleep in mid tweet is definately a sign that I should go to sleep. Goodnight world ",1,1,Positive
SIMS 3  SIMS 3  SIMS 3  I NEED IT NOOWW  hahaa,0,1,Positive
@iamjonathancook WHY ARENT YOU GUYS COMING TO TORONTOS WARPED TOUR DATE ?! same with atl. whatta dissapointment ,0,0,Negative
Today's gonna be a good day. ,1,1,Positive
Matty and Shinji are two of the boys in the world that I Love so much. &lt;3 Stay awesome guys! ,1,1,Positive.
@aplusk that's kinda mean! we try at least ,0,0,Negative
@TotesMcGotes See that's what I need but haven't had time to get more powder  must do that tomorrow....,0,1,Positive
@EricWorre Glad you're applying the money management principle Eric!  See you tonight at NMPRO,1,1,Positive.
"@lorraine_p oh, maybe...? Good excuse ",1,0,Negative
@StaceyNuveman I smell Cindy Bristow!  Hope to see you at the yard later today!,1,1,Positive
@GCThesongwriter How did the finals go ? ,1,0,Neutral
At Las Vegas Intr. airport get home at 12:00pm bored to death ,0,0,Negative.
"@DennisCalero That was about the direct # question, BTW. ",1,0,Neutral
onlinee ,1,0,negative
whaaaa?? people are fallowing me randomly! i feel loved  haha. ok no. but hi fallowers. p ps.if you dont say hi back your a loser. :p,1,0,Negative
I desperatly need to lose some weight !  But I hate working out... And I'm a chocolate cake superaddict.  ,0,0,Negative.
My bathtub is angry at me ,0,0,Negative
back to work today ,1,0,negative
all my neighbors feel the urge to move in/out saturdays early in the morning ,0,0,Negative
Misssing that booooooooo ,1,1,Positive
"@fontenot619 E-mailed, new stepfathaaaa!  ",1,1,Positive
Heartburn...? WTF!?! i cant win ,0,0,Negative
@katelynschmidt i recon flippin needs to come out right now...are u team taylor or robert? or edward or jacob?  im edward all the way ,1,1,Positive
@humminbird I'm not going to be @indyhall on Fri but we need some Tbar time soon ,1,1,Positive
Gettin ready for VBS today! Day 1 ,1,1,Positive
LIz Hodgins is addicted to Twitter! Shes such a twit! lol  Your the only person who can read this Liz so its OK!,1,0,Negative
@thomaspb dam  well at least can you get me some Spock ears,0,1,Positive.
@brandamc mmm chocolate!!! damn even when im sick i still wanna eat it   I think i should try n go back to sleep for awhile..lol,0,1,Positive
can you say OMFG I sure can !! ,1,1,Positive
@drummersgirl33 does that include the 4 boxes of china I sent home with G today????  ,1,0,negative
Im watching the movie awards  TTYL.,1,1,positive
"2 more days of school left. YAY. cake next period. then sudoku. heheh, now this i what i call school. ",1,1,Positive
"@jefftakeover aw man, that's really really sad. ",0,0,Negative.
leavin the r-side soon... i'm actually gunna miss it ,0,0,Negative.
@saffron_gib aw happy bday for yesterday  its anoyin tho sumtyms wen he dusnt reply to ppl. u gt any1 else famous to say hapy bday to u? x,1,0,Negative
"Gone to pack my stuff for the rest of the werrk, living with my best friend ",1,1,Positive
"@Jonperezinsd Yeah I'm super full too, but not sleepy. ",0,1,Positive.
lost in dc for like 45 mins....WTF!! on my way to the burg tired as shit ,0,0,Negative.
I'm currently listening to Matchbox20's Disease. I don't know if I could go to Adrian's funeral. I totallly feel sorry he's gone forever. ,0,0,Negative
@NCStateFair would love to taste it ,1,1,Positive
Where is Stanford U CS193P Lecture 5? It's already Monday leh... ,0,0,Negative
You know what the best feeling in the world is?! Being lied to.. it's wonderful. Cause then you find out...and its so fun! ,0,0,Negative
Going in @ 2:30 today. Gotta make the most of time left but not sure what I should do. TV I guess....ugh 2:30 ,0,0,Negative
"back from school, It has rained nearly all day  it is cold!! and I have had damned if I do ya stuck in my head all day!! ",0,0,Negative
@perrynoble Yay! you will be in my home city  I love it here in San Diego!!,1,1,Positive
"@m_hardwick at the same time, no. ",0,0,Negative.
loves the rain  http://plurk.com/p/uab6g,1,1,Positive
is feeling really awkward right now. ,0,0,Negative
#dpbcon 18mi backup to merge onto 495. ,0,0,Negative
"@fredlero Yeah it sucks big time, now i'm stuck with 5 weeks of holiday and nowhere to go! I feel sorry for the Tibetans ",0,0,Negative
The graduation dance was soo SAD! Girls and guys were crying... even me...  MISS ALL OF U!!!,0,0,Negative
4 days at work then IoW festy yay ,1,1,positive
@MelFresh27 Do you think? :p I genuinely can't sleep though.. Which is very frustrating.. ,0,0,Negative.
"@BodyRockin now I would have thought with all the beautiful women your represent, that they would be all over your page! ",1,0,Negative
"@Brendacopeland Love it. Twilight Zone, episode &quot;How To Serve Man.&quot; One of my favs. Even The Simpsons did it.  ",1,1,Positive.
@teresa_most Good luck tomorrow! And hope you're enjoying your new place ,1,1,Positive
@timeishort heya  follow me back? lol,1,0,Negative
"Off to my wifes nieces 16th birthday bash, not drinking tho, on driving duties ",0,1,Positive
"@snekums I don't even get to go if I win, gotta go to work, but still, power in numbers! Hope it's #Carmen for everyone's sake! ",1,1,Positive
@olliesebastian ...hell yeah it will ,1,1,Positive
"@rlanzara If they were, they'd look like envious oompa loompas ",1,0,negative
i totally DONT understand my new phone at all ,0,0,Negative
Early(ish) night tonight - I'm doing overtime at work tomorrow again  boo for working on a Saturday!,0,0,Negative
Changed my username for the hell of it ,1,0,Negative
Almost had to put my dog to sleep..yesterday was a shitty day ,0,0,Negative
@wilw I would definitely love to play some poker ,1,1,Positive
@xoxnaquel very true! lol  whats your favorite jb video?,1,1,Positive
@Hamer30 She had it going on in her day ,1,1,Positive
@ThomasGudgeon what's your dream? ,1,0,Neutral
"@tferraro @soverpeck @rhetter ACTUALLY...a potato is a tuber, but it's also known as a root vegetable...hey I'm Irish and know my spuds ",1,1,Positive.
"@HelenGoytizolo I LOVE IT! WTF, you are so lucky you are good at pottery   It looks so good. I dont even know what to put on mine. ",0,1,Positive
@boogiesworld http://twitpic.com/6dhkd - Those floor boards look familiar.... Imperial Inks? If So. You're At The Best Of The Best ,1,1,Positive
Coffee is goooood. And Atashinchi no Danshi subed. That's not really good. Would be hard to concentrate for translation ,1,0,Mixed
 missed my dads phone call,0,0,Negative
@lexiphanic Awww too cute my lil Greggles.  Miss you too.  We didn't have a final Feist dance ,0,1,Positive
@valeriesteinier unfortunately we have a packed day  we are going to the #dentc next Tues. Have fun! Would love to ck out Hi*Rise soon,0,0,Neutral
@MidiEastQueen I'll try ,0,1,positive
@Johnathonhock I miss you already and ill miss this  http://bit.ly/vqReK,0,0,Negative.
"i just got my heart broken, the guy i like , its kinda in love with a friend of mine and he wants me to help him!  sad",0,0,Negative
tummy ache ,0,0,Negative
is feeling a lot of love today. ,1,1,Positive
@SIIMPLYBADD09 G NITE I'M OFF 2 SLEEP MY CALI LOVE ,1,1,Positive
"listenin to some Pinkly smooth and A7X, chattin with friendz, lookin up pixz of Syn the workz...  check out my YouTube ToiletManProductioz",1,1,Positive
"Im at my friends house in another city, studying for the Anatomy final tomorrow ! hope i can pass it ! its a lot of stuff to memories ",0,1,Positive
is up north with kyle till tomorrow  sun burnt.,1,0,Negative
@OrganGrinder_  i wanted them to talk about the footy lol coz shes a qld and he is NSW,0,0,Negative
Having fun at two bridal showers!  Loooooove them ,1,1,Positive
Ended up making lots of bitsy_bones wallpapers with quotes from the show. They are so stinkin' cute! ,1,1,Positive
"isn`t it funny when one day, some stranger came up to you and said: &quot;may i get your fone number?&quot; -- i bet not. it`s freaky, though LOL ",1,0,Negative
http://twitpic.com/2ybo7 - thats me. i got bored. ,1,0,Negative
@markhoppus #delongeday #delongeday #delongeday ,1,1,Positive
Download Charice's single Note to God @ iTunes &amp; Amazon.. Thnx!!! ,1,1,Positive
"@AjitJaokar Yes, it's working from TwitterBerrry ",1,1,positive
my parents like the format! ,1,1,Positive
@yayitsnina I can't go this Saturday I'm gonna be out of town ,0,0,Negative
@OAR_Richard oartv was amazing last night.  thanks for answering questions   can't wait to hear the recording!!!,1,1,Positive
"@rustyrockets I'll give you a fiver towards the fine - not much, but Im skint from paying for  Al Darlings eyebrow waxing ",0,0,Negative.
@ae_ace come eat sushi and drink with us! ,1,1,Positive.
@TferThomas  We are both following and I don't think I have seen him online lol ,1,1,Positive.
Just finished with Dairy Milk for second consecutive day.. yumm... and i still ve one more Fruit and Nuts staring at me..  nyum nyum..,1,1,Positive
At home .... ,1,0,Neutral
John_Mak  wooo  only one follower and one following.. and both meee (6) mwuahaha x,1,0,Negative
bought so much holiday stuff 2day dont think my suitcase is big enuf tho  its so pretty aswell. got a new sleeping bag for T aswell!,0,1,Positive.
School disco tonight  Tattoo tomorrow  15 days till holiday time   Few things to look forward to..,1,1,Positive
@Jmartin520  Ive been thinking about that song all day trying to finish my freaking spanish final haha,0,1,Positive
Sigh. Think my 360 might RROD soon. Just turned it on and left it in Dashboard for a few mins and it crashed with distrorted images ,0,0,negative
I just rhinestoned my phone ,1,1,Positive
@metaglyph  oh cool!  i got mine to work i may bring it with me,1,1,Positive
"@mallybeauty Can. Not. Wait!  I will stay up to see what goodies you bring, since I am still waitlisted for you TSV.  ",0,1,Positive
Will I ever be the exception  I should have never seen that movie,0,0,Negative
@petehopkins Please tell us.... Lol. I'd like to know. Curiosity killed the cat and I'm a kitty! Where have you been stranger? ,1,1,Positive
@W4rW1ck FUNNIEST THING EVER AND I WISH IT HAD HAPPENED! i would have found out who wrote it on  [and maybe how often he washes his ass]..,0,0,Negative
Sitting on kings parade cambridge..lully on your lunch break! Boy I'm gonna miss this ,0,1,Positive
@AlexxEnglish apparently i talked to someone and told them about a bike and i dont use the phone i'm to quiet  ESOTSM;,0,0,Negative
working sucks  but i need the money for a beagle lol love you jason,0,0,Negative.
watching Two can play that game...love this movie' wish I had someone to watch it w. ,0,1,Positive
MISS YOU SOOOO MUCH!  ,0,1,Positive
Drink #7 or 8 for me (at the club). Been drinking for the past 6 hours.  http://twitpic.com/4wn9q,1,0,Negative.
@joeymcintyre Yay! Way to go Joe! ...I'll be buying a T-shirt BTW  x,1,1,positive
Don't you hate it wgen you wait sooo long for a speacial package to come. And when it does. It doesn't come complete ,0,0,Negative.
"@BarbieBibiana jus waking up with like a WHOLE BED of clothes to fold up, so i guess im occupied for the next hour ",0,0,Negative
@CamilaMCRmy im watching a movie on my TV  haha. what the time is it there ryt now btw?,1,1,Positive
@McFLYFan_Katie listening to wonderful music.  I'd like to have holidays now.  xx,1,1,Positive
is bored  cinema later though the sleep over (Y),0,0,Negative
roommate time with @sambushed ,1,1,Positive
@gtvone Did the video get uploaded yet??? Want to see my name in lights! ,1,1,positive.
3 short ,0,1,Positive.
Brantly Farm was so fun! We got some great pictures. Now for some lunch and a nap. ,1,1,Positive.
"@lorenrochelle but it looks delicious, loren  i would join you, and bring wine.",1,1,Positive.
as per @eevil: &quot;of course art brut likes the same ramones songs as you.&quot; ,1,0,Negative
"@MadRadSammy Oh yeah what did you order?  I had a laser hair appt today, ask Rhonda why she hasn't used her gift cert from me yet?  ",0,0,Neutral.
I was on the verge of passing out inside the church earlier. ,0,0,Negative
@AmericanWomannn No... Going to bed now. Besides coffee really is not agreeing with me lately. ,0,0,Negative
@itsrissabxtch U BETTER PASS IT AROUND WHILE U CAN CAUSE IT'S COMING DOWN SOON! ,1,0,negative
"@in2itgirl What did you try, hon? ",1,1,Positive
"@thecraigmorris I am 100% sure your right, but you wouldn't be able to persuade @moonflowerchild that it is ",0,0,Negative
I have a brand new Nokia Nseries phone next to me...  This makes me happy.,1,1,Positive.
On me way to work  baddd times,0,0,negative
@chrisbrewer62  and 'cause ya can .. makes me very green  have fun!,1,1,Positive
"is goin to bed, nite all  2mrra's a new day...thank god!",1,1,Positive
@AlanReidHall no I don't use that appl! I looked at it and it sent off the tweet. Tried to delete but it won't go away ,0,0,Negative
MOHS Graduation C/O 2009 @ MOHS Football Field GRADUATION CEREMONY: 6   LEI CEREMONY: 7:30 be there ,1,1,Positive
@shaliniakhil 411 - I caved. I stayed. Another 6 months  when are you flying? August right? Excited?,0,1,Positive
is off work....but still has two more nights to go ,0,0,Negative
Eating fish and chips  yum,1,1,Positive
In 1 hour my 2pm-10pm shift will have started  depressing...,0,0,Negative
@DanielleNicole I'm totally horrible!  I ended up getting The Sims 3 on my phone and for the computer... Love it!!,1,1,Positive
@clicktokill That's kinda gay. I have a real nice pic of me now  /vainVAIN VAIINNNNNNN hahahaha,0,0,Negative
@kasieokoro I'm jus doin my civil duty! Hahahaha. Thanks tho Kasie. Jus tryna make the world a better place.  ,1,1,Positive
needs followers ,0,0,negative
@MRJELLYBEANZ  so why i got the FF props? Just curious  :,1,0,Neutral
Yo all. Im noob. Plz hlp me ,0,0,Negative
@sarahweissman That's a wonderful feeling to wake up with! ,1,1,Positive.
last night having Claire around  and really hoping her time in the US will be quite simply amazing! ,0,1,Positive
OAR Wednesday at 7!!! cant wait ,1,1,positive.
@gdgreely lol which one papi   http://myloc.me/20PG,1,1,Positive
is watching the X Files for the first time in years. Forgot how good it was! And how nice Mulder is. ,1,1,Positive
"bleh, icky mood ",0,0,negative.
@jonasbrothers I miss your concert in Rio de Janeiro so much! It was the best eveeeer!When are you guys coming to Brazil again? Love you ,1,1,Positive
@gemzgirl73 You kids are so cute!! ,1,1,Positive
I think he's the choclate chips to my mint ice cream ,1,1,Positive
@WestHamProcess i think he'll be waiting for you to finish your birthday celebrations before calling ,1,0,Negative
@amylovesoliver Good thing I switched to watermelon. Then you can slice and share. Use those Japanese knives of @excite108. ,1,1,Positive
Been listening to Slim Shady since morning. _Relapse_ is wayyy gooder than _Encore_. ,1,1,Positive.
joining twitter ,1,0,negative
Going to give a presentation about Patrick Bateman (character analysis) tomorrow. Unfortunately not in a Patrick Bateman costume. ,0,0,Negative
@DanaeNicoleRudd no of course not u want to make it on your own so it feels even better when you do ,1,1,Positive
Chrissy Marquette... I WANNA BANG YOU! GO COUGAHS!!!!!  &lt;3333333333,1,1,Positive
@icassel yes I did &amp; we liked it. ,1,1,Positive
"reading The Little Prince, thanks Justina ",1,1,positive
I'm cold  and bored. And feeling like shit,0,0,Negative
"Oh, this is a bummer, can't use video feature cause I don't have latest iPhone   http://mobypicture.com/?8az56i",0,0,Negative
"@shintabubu hey shinta!  i'm headed to bed now, but perhaps tomorrow night - when our hours overlap... ",1,1,Positive
@lucylemon LOL I know we got the wrong one to start of with it was just an expensive fancy pedometer with no gps ,0,0,Negative
The kuzin in law really hates my hair! ,0,0,Negative
@ddlovato was amazing when she performed in Chile ,1,1,Positive.
@cheth Get well soon. ,1,1,Positive
@samfaag okay when lets plan so i can put the date in my iphone ,1,0,Neutral
@stefanodimera Thanks for being a Tweetheart on here ,1,1,Positive
@rob_morgan i'd have traded it all for the gloucester team to show up instead if the local womens team that took their place ,1,0,Negative
Gonna start packing today only a week left in halls ,0,0,Negative.
@alittlelamb were you at SYTYCD? I didnt see you. ,0,0,Neutral
"@LostMarilyn Yeah, those are slinkster cool! ",1,1,Positive
Needs to go shopping. No girls this weekend ,0,0,Negative
"@Powells I'd love that separate Twitter account. I live in ME, so can't get to in-store events. It just makes me sad to not live nearby ",0,0,Negative
@RyanSeacrest Don't do it! Will make me feel old. ,0,0,Negative
"@jimmietryon My 62-yo neighbor uses Linux for simple printing, email, web. No CLI needed. I use the CLI 4 shortcuts, mostly. ",1,1,Positive
@jaystewart o_O how could you do that? I feel sick too. Some undiserving person got an apple product. ,0,0,Negative
@Navi_Ganancial  I miss the bay area / Sonoma. ,0,0,Negative.
"Ugh, he hasn't updated in forever!!!  that sucks! I'm gonna e-mail him!",0,0,Negative
"wow, i can't believe a tornado caused damage to southlands mall.  scary",0,0,Negative
@jimbazzano Thanks man - Howard Stern at 35k feet isn't bad. ,1,1,Positive
@kiD_Myst3ry i bet u dont remember me ,0,0,Negative.
Ow it hurts ,0,0,Negative.
@elvisduran I realllllly need the miracle worker! I'm dying to see @taylorswift13 at MSG and the tickets are sold out  =( Please help me! ,1,0,Negative
I tried all last summer calling everyday to get tickets and got nothing and ive been doing the same this year. I really want to go ,0,0,Negative
"@Zwel Aight, de 15&quot; of 17&quot;? ",1,0,neutral
@FabScoutHoward haha wow.. ,1,1,Positive.
still spitting out stitches from that bone graft ,0,0,Negative
Hair cut in the morning ,0,0,Neutral.
"@hollseey ten minutes. Circle line decide not to to anywhere when I got on  still, nearly home now...",0,0,Negative
Think I broke Twitter on my Tumblr and Facebook pages. ,0,0,Negative.
"@rhandilynn I don't know you, but i know how that feels ",0,1,Positive
@vbgirlie yea you have a good point! I still got my awesome sista Brandi ,1,1,Positive.
@uhhuh143 Your very welcome. ,1,1,positive
@RoodKid Ahhh  I loves you too david!!  xxxxxx Miss You ,0,1,Positive
 watching @thelyness leave for texas.,0,0,Negative
@vinelage vi no youtube =D gravaram do DC on demand ,1,1,Positive
Really wanting to see UP. Any thoughts so far? What are your opinions  Highly rated IMDB,1,1,Positive
@mileycyrus Hey just started following you! can't wait to read your updates! ,1,1,Positive
I freakin miss okinawa... awww ,0,1,positive
"second night home alone in a row,  hates life",0,0,Negative
i think i gotta make a new twitter account cuz my &quot;sojufied&quot; one is seriously all fucked up ,0,0,Negative
its sunny finally! soo stoked for beach season! but for noww i have to go to work. boo ,0,1,Positive
Tweetdeck still not coming up for me on the app store on my touch.  http://ff.im/446C8,0,0,Negative
@bjds my WRX doesnt go sideways in the rain like my Skyline does ,0,0,Negative
@rustyrockets I don't know what to say to get a reply. What about I love you? Which is true.  xx,1,0,Negative
I am helping a good friend get setup on Linkedin  His company is in the process of layingoff. ,0,1,Positive
@DMosley had the worst experience w/ auto pay. Don't recommend it. In 140 characters $700 was taken out of my a/c &amp;took a month to return ,0,0,Negative.
@Cathay_Pacific just wanted to say a big thank you for being such a great airline. As a travel writer things like this mean A LOT! ,1,1,Positive
I wasnt able to make it to the march today  but it's okay.....,0,1,Positive
@acciokatie sounds good... im still trying to get that day off work though ,0,1,positive
Feel hurt. in car. gonna watch a funny movie. someone talk ,0,0,Negative
@luketurcotte Not having Hulu in Germany sucks ,0,0,Negative
@Rongura  Pretty sure you'll feel better tomorrow ,0,1,Positive
@friendsofED your website is down... I was going to buy a book. Now I'm sad ,0,0,Negative
"today is the flight of my beloved friends going back to her place, Capiz... I will see her again on December... ",0,1,Positive.
Netherlands defeating England was awesome. Loved the match. We had the first surprise of the world cup in the very first match. WooHoo ,1,1,Positive
@Joanne_Luvli keep me posted please.. ,0,1,Positive
"@MickyFin Yep, but I got no such email yet  hoping it's just slow coming through. Never got last email either though.",0,0,Negative
i just cant do it captain...i dont have the power!!...name that movie....come on this is an easy one! ,1,1,Positive
